Time,gx,gy,gz,mx,my,mz,ax,ay,az,pressure,voltage,current,power
0.5681514739990234,-0.4961832061068702,-0.16793893129770993,0.8473282442748091,36.15,6.8999999999999995,47.85,-0.02197265625,0.02587890625,1.0595703125,0,0,0,0
